ID,Distance,FusionStart,FusionEnd,FusionType,TotalScore
SRR7704803.32607443,5,123,164,Outward,36.0
SRR7704803.33812334,13,105,154,Inward,36.0
SRR7704803.85390460,0,153,189,Outward,36.0
SRR7704803.103751418,11,31,78,Outward,36.0
SRR7704803.148100040,0,21,57,Outward,36.0
SRR7704803.153325907,0,16,52,Outward,36.0
SRR7704803.161461369,0,120,156,Outward,36.0
SRR7704803.169879128,0,80,116,Outward,36.0
