ID,Distance,FusionStart,FusionEnd,FusionType,TotalScore
SRR2741290.6642192,7,34,76,Inward,35.0
SRR2741290.54683817,7,34,76,Inward,35.0
SRR2741290.135931053,13,45,94,Inward,36.0
