ID,Distance,FusionStart,FusionEnd,FusionType,TotalScore
SRR7704802.62206342,15,121,172,Inward,35.0
SRR7704802.101914022,0,11,47,Inward,36.0
SRR7704802.135176447,14,75,125,Outward,35.0
SRR7704802.148330977,0,10,46,Inward,36.0
