ID,Distance,FusionStart,FusionEnd,FusionType,TotalScore
SRR9987985.19002365,16,140,191,Outward,35.0
SRR9987985.30590943,16,1,52,Outward,35.0
SRR9987985.64953899,16,34,85,Outward,35.0
SRR9987985.71342899,16,103,154,Outward,35.0
SRR9987985.140134129,16,149,200,Outward,35.0
SRR9987985.149021959,16,140,191,Outward,35.0
