ID,Distance,FusionStart,FusionEnd,FusionType,TotalScore
SRR11434617.2688851,19,4,59,Inward,35.0
SRR11434617.12858823,0,6,42,Inward,35.0
SRR11434617.37337583,14,46,96,Inward,35.0
SRR11434617.66448447,14,8,58,Inward,36.0
SRR11434617.101589836,19,11,65,Inward,35.0
