ID,Distance,FusionStart,FusionEnd,FusionType,TotalScore
SRR7611052.27595685,0,15,51,Outward,36.0
SRR7611052.37621043,19,150,205,Outward,35.0
SRR7611052.45339309,16,149,201,Inward,35.0
SRR7611052.55111343,0,94,130,Inward,36.0
SRR7611052.56535162,0,45,81,Inward,35.0
SRR7611052.71274822,18,191,245,Outward,35.0
SRR7611052.97839030,3,51,90,Inward,35.0
SRR7611052.120597942,11,132,179,Inward,35.0
