ID,Distance,FusionStart,FusionEnd,FusionType,TotalScore
SRR7704841.27275005,0,14,49,Inward,35.0
SRR7704841.28261423,9,24,69,Outward,36.0
SRR7704841.34131411,0,35,71,Inward,36.0
SRR7704841.39331585,0,41,77,Inward,36.0
SRR7704841.60291428,0,20,56,Outward,36.0
SRR7704841.73219158,15,44,95,Outward,35.0
SRR7704841.104307315,0,71,107,Outward,36.0
SRR7704841.115052627,0,18,54,Outward,36.0
