ID,Distance,FusionStart,FusionEnd,FusionType,TotalScore
SRR11434656.258824806,0,17,53,Outward,36.0
SRR11434656.307628173,14,70,120,Outward,35.0
SRR11434656.310891842,14,97,147,Outward,35.0
