ID,Distance,FusionStart,FusionEnd,FusionType,TotalScore
SRR9987985.15514759,16,88,139,Outward,35.0
SRR9987985.30200656,16,97,148,Outward,35.0
SRR9987985.60351132,16,189,240,Outward,35.0
SRR9987985.70953962,16,119,170,Outward,35.0
SRR9987985.71342899,16,107,158,Outward,35.0
SRR9987985.77982704,16,61,112,Outward,35.0
SRR9987985.174789678,16,57,108,Outward,35.0
