ID,Distance,FusionStart,FusionEnd,FusionType,TotalScore
SRR11434617.2688851,19,155,210,Inward,35.0
SRR11434617.37337583,14,103,153,Inward,35.0
SRR11434617.66448447,14,69,119,Inward,36.0
SRR11434617.101589836,19,84,139,Inward,36.0
